/* Delete Data */
delete from Orders;
delete from Inventory;
delete from Goods;
delete from Types3;
delete from Types2;
delete from Types1;
delete from Markets;

/* Insert data */
insert into Markets (MarketName, MarketAdd, MarketEst) values ('USTC', '思贤楼', '5');

insert into Types1 (Class1) values ('食品饮料');
insert into Types1 (Class1) values ('粮油副食');
insert into Types1 (Class1) values ('美容洗护');
insert into Types1 (Class1) values ('家居用品');

insert into Types2 (Class1, Class2) values ('食品饮料', '牛奶乳品');
insert into Types2 (Class1, Class2) values ('食品饮料', '糖果');
insert into Types2 (Class1, Class2) values ('食品饮料', '饮料');
insert into Types2 (Class1, Class2) values ('粮油副食', '厨房调料');
insert into Types2 (Class1, Class2) values ('粮油副食', '食用油');
insert into Types2 (Class1, Class2) values ('美容洗护', '个人护理');
insert into Types2 (Class1, Class2) values ('美容洗护', '美容护肤');
insert into Types2 (Class1, Class2) values ('家居用品', '纸制品');
insert into Types2 (Class1, Class2) values ('家居用品', '厨具');

insert into Types3 (Class2, Class3) values ('牛奶乳品', '常温奶');
insert into Types3 (Class2, Class3) values ('牛奶乳品', '酸奶');
insert into Types3 (Class2, Class3) values ('糖果', '巧克力');
insert into Types3 (Class2, Class3) values ('糖果', '口香糖');
insert into Types3 (Class2, Class3) values ('糖果', '坚果');
insert into Types3 (Class2, Class3) values ('饮料', '水');
insert into Types3 (Class2, Class3) values ('饮料', '果蔬饮料');
insert into Types3 (Class2, Class3) values ('饮料', '碳酸饮料');
insert into Types3 (Class2, Class3) values ('厨房调料', '酱油');
insert into Types3 (Class2, Class3) values ('厨房调料', '食用盐');
insert into Types3 (Class2, Class3) values ('食用油', '调和油');
insert into Types3 (Class2, Class3) values ('食用油', '花生油');
insert into Types3 (Class2, Class3) values ('个人护理', '洗发水');
insert into Types3 (Class2, Class3) values ('美容护肤', '面膜');
insert into Types3 (Class2, Class3) values ('纸制品', '手帕纸');
insert into Types3 (Class2, Class3) values ('厨具', '菜刀');

insert into Goods (GoodID,Class3,GoodName) values ('1010010002','常温奶','娃哈哈AD钙奶220ml*24瓶/箱');
insert into Goods (GoodID,Class3,GoodName) values ('1010010003','常温奶','蒙牛特仑苏有机奶250ml*12');
insert into Goods (GoodID,Class3,GoodName) values ('1010010004','常温奶','光明牌利乐包纯牛奶250ml*24');
insert into Goods (GoodID,Class3,GoodName) values ('1010010005','常温奶','圣牧全程有机低脂纯牛奶200ml*24盒');
insert into Goods (GoodID,Class3,GoodName) values ('1010010006','常温奶','谷粒谷力谷物浓浆红豆浓浆250ml*18/箱');
insert into Goods (GoodID,Class3,GoodName) values ('1010010007','常温奶','伊利味可滋香蕉牛奶240ml*12/箱');
insert into Goods (GoodID,Class3,GoodName) values ('1010010008','常温奶','蒙牛真果粒草莓果粒250ml*12');
insert into Goods (GoodID,Class3,GoodName) values ('1010010009','常温奶','维他奶巧克力豆奶饮料250ml*16包/提');
insert into Goods (GoodID,Class3,GoodName) values ('1010010010','常温奶','娃哈哈爽歪歪营养酸奶饮品200ml*24/箱');
insert into Goods (GoodID,Class3,GoodName) values ('1010010011','常温奶','旺旺O泡果奶125ml*20盒');
insert into Goods (GoodID,Class3,GoodName) values ('1010020001','酸奶','光明莫斯利安钻石装酸牛奶200g*12包/提');
insert into Goods (GoodID,Class3,GoodName) values ('1010020002','酸奶','蒙牛纯甄酸牛奶200g*12');
insert into Goods (GoodID,Class3,GoodName) values ('1010020003','酸奶','光明健能发酵乳100g*8杯');
insert into Goods (GoodID,Class3,GoodName) values ('1010020004','酸奶','伊利安慕希希腊风味酸牛奶205ml*12');
insert into Goods (GoodID,Class3,GoodName) values ('1010020005','酸奶','光明牌190ml酸奶饮品*24');
insert into Goods (GoodID,Class3,GoodName) values ('1010020006','酸奶','味全优酪乳塑杯脱脂芦荟100g*8');
insert into Goods (GoodID,Class3,GoodName) values ('1010020007','酸奶','泰国进口达美酸奶蓝莓味礼盒180ml*12/盒');
insert into Goods (GoodID,Class3,GoodName) values ('1010020008','酸奶','光明如实无添加发酵乳135g/瓶');
insert into Goods (GoodID,Class3,GoodName) values ('1020010001','巧克力','趣多多曲奇饼干大块巧克力原味216g');
insert into Goods (GoodID,Class3,GoodName) values ('1020010002','巧克力','奥利奥饼干巧克棒威化夹心巧克力味');
insert into Goods (GoodID,Class3,GoodName) values ('1020010003','巧克力','德芙新包装丝滑牛奶巧克力252g');
insert into Goods (GoodID,Class3,GoodName) values ('1020010004','巧克力','比利时进口Truffles德菲丝松露巧克力黑色传统');
insert into Goods (GoodID,Class3,GoodName) values ('1020010005','巧克力','明治/meiji巴旦木夹心巧克力80g');
insert into Goods (GoodID,Class3,GoodName) values ('1020020001','口香糖','益达木糖醇蓝莓味40粒无糖口香糖56g/瓶');
insert into Goods (GoodID,Class3,GoodName) values ('1020020002','口香糖','卡夫糖果炫迈无糖口香糖薄荷味28片装');
insert into Goods (GoodID,Class3,GoodName) values ('1020020003','口香糖','好丽友木糖醇3+缤纷水果粒粒出无糖口香糖');
insert into Goods (GoodID,Class3,GoodName) values ('1020020004','口香糖','绿箭40粒装薄荷味口香糖64g/瓶口气持久清新');
insert into Goods (GoodID,Class3,GoodName) values ('1020020005','口香糖','曼妥思冻感立方葡萄味无糖口香糖46g');
insert into Goods (GoodID,Class3,GoodName) values ('1020020006','口香糖','绿箭35粒铁盒装无糖薄荷茉莉花口香糖零食');
insert into Goods (GoodID,Class3,GoodName) values ('1020030001','坚果','百草味坚果炒货奶香碧根果190g山核桃');
insert into Goods (GoodID,Class3,GoodName) values ('1020030002','坚果','百草味零食坚果炒货奶油味夏威夷果200g');
insert into Goods (GoodID,Class3,GoodName) values ('1020030003','坚果','百草味零食坚果炒货开心果200g');
insert into Goods (GoodID,Class3,GoodName) values ('1020030004','坚果','西域良品新疆纸皮核桃特级500g');
insert into Goods (GoodID,Class3,GoodName) values ('1030010001','水','农夫山泉饮用天然水塑包550ml');
insert into Goods (GoodID,Class3,GoodName) values ('1030010002','水','百岁山矿泉水570ML*6天然饮用矿泉');
insert into Goods (GoodID,Class3,GoodName) values ('1030010003','水','娃哈哈纯净水596ml*12/箱纯净甘甜爽口');
insert into Goods (GoodID,Class3,GoodName) values ('1030010004','水','雀巢优活饮用水330ml*24瓶/箱');
insert into Goods (GoodID,Class3,GoodName) values ('1030020001','果蔬饮料','农夫果园30%混合果蔬汁芒果+菠萝+西莲');
insert into Goods (GoodID,Class3,GoodName) values ('1030020002','果蔬饮料','农夫果园100%胡萝卜混合果蔬汁380ml/瓶');
insert into Goods (GoodID,Class3,GoodName) values ('1030020003','果蔬饮料','塞浦路斯进口饮料凯恩芒果汁1l/盒');
insert into Goods (GoodID,Class3,GoodName) values ('1030020004','果蔬饮料','新加坡进口饮料POKKA胡萝卜混合果蔬汁饮料24');
insert into Goods (GoodID,Class3,GoodName) values ('1030030001','碳酸饮料','可口可乐碳酸饮料拉罐330ml*6连罐装畅爽');
insert into Goods (GoodID,Class3,GoodName) values ('1030030002','碳酸饮料','七喜柠檬味汽水330ml/罐百事可乐系列');
insert into Goods (GoodID,Class3,GoodName) values ('1030030003','碳酸饮料','健力宝运动饮料口味升级橙蜜味560ml');

insert into Goods (GoodID,Class3,GoodName) values ('2010010001','酱油','海天金标生抽1.9L非转基因黄豆酿造酱油调味料');
insert into Goods (GoodID,Class3,GoodName) values ('2010010002','酱油','海天草菇老抽1.9L非转基因黄豆酿造酱油');
insert into Goods (GoodID,Class3,GoodName) values ('2010010003','酱油','日本进口丸天酱油刺身酱油200ml/瓶');
insert into Goods (GoodID,Class3,GoodName) values ('2010010004','酱油','东古一品鲜酱油500ml/瓶酿造酱油');
insert into Goods (GoodID,Class3,GoodName) values ('2010010005','酱油','厨邦美味鲜酱油1.68L/壶酿造酱油');
insert into Goods (GoodID,Class3,GoodName) values ('2010010006','酱油','台湾进口金兰酱油1L纯酿华人酱油');
insert into Goods (GoodID,Class3,GoodName) values ('2010020001','食用盐','中盐深井无碘盐400g食用盐食盐');
insert into Goods (GoodID,Class3,GoodName) values ('2010020002','食用盐','中盐无碘纯精竹盐225g食用盐食盐');
insert into Goods (GoodID,Class3,GoodName) values ('2020010001','调和油','融氏橄榄葵花油5L/瓶非转基因健康食用油');
insert into Goods (GoodID,Class3,GoodName) values ('2020010002','调和油','金龙鱼食用油花生食用调和油浓香型5L/桶');
insert into Goods (GoodID,Class3,GoodName) values ('2020010003','调和油','多力五珍宝葵花籽调和油5L/桶非转基因食用油');
insert into Goods (GoodID,Class3,GoodName) values ('2020020001','花生油','鲁花一级花生油5L非转基因物理压榨食用油');
insert into Goods (GoodID,Class3,GoodName) values ('2020020002','花生油','福临门非转基因压榨花生油5L/瓶');

insert into Goods (GoodID,Class3,GoodName) values ('3010010001','洗发水','飘柔洗发水露护理兰花长效清爽去屑家庭装100');
insert into Goods (GoodID,Class3,GoodName) values ('3010010002','洗发水','潘婷洗发水/露乳液修护1000优惠装止痒防分叉');
insert into Goods (GoodID,Class3,GoodName) values ('3010010003','洗发水','沙宣洗发水/露修护水养750ml 抚平毛躁 修护损');
insert into Goods (GoodID,Class3,GoodName) values ('3010010004','洗发水','海飞丝洗发露水清爽去油型去屑750ml 适合油性');
insert into Goods (GoodID,Class3,GoodName) values ('3010010005','洗发水','力士洗发水新活炫亮洗发乳750ml 滋润营养顺滑 ');
insert into Goods (GoodID,Class3,GoodName) values ('3010010006','洗发水','蜂花洗发水本草精华洗发露1L轻盈舒爽油性中性发');
insert into Goods (GoodID,Class3,GoodName) values ('3020010001','面膜','BEELY/彼利澳洲山羊奶面膜贴25g*6片装');
insert into Goods (GoodID,Class3,GoodName) values ('3020010002','面膜','百雀羚草本8杯水保湿水嫩面膜贴5片装防晒补水');
insert into Goods (GoodID,Class3,GoodName) values ('3020010003','面膜','BEELY彼丽芦荟海藻保湿面膜22g*6片补水保湿美');
insert into Goods (GoodID,Class3,GoodName) values ('3020010004','面膜','我的心机面膜盛典礼盒美白补水保湿面膜贴22片');
insert into Goods (GoodID,Class3,GoodName) values ('3020010005','面膜','MG美即芦荟补水面膜25g补水锁水深层护理肌');
insert into Goods (GoodID,Class3,GoodName) values ('3020010006','面膜','相宜本草红景天幼白面膜70g免洗型睡眠面膜美白');

insert into Goods (GoodID,Class3,GoodName) values ('4010010001','手帕纸','维达绵柔系列手帕纸3层8张10包装210mm*210m');
insert into Goods (GoodID,Class3,GoodName) values ('4010010002','手帕纸','清风手帕纸 原木纯品系列纸手帕 3层10包');
insert into Goods (GoodID,Class3,GoodName) values ('4010010003','手帕纸','洁云纸巾 樱桃小丸子3层迷你手帕纸');
insert into Goods (GoodID,Class3,GoodName) values ('4010010004','手帕纸','妮飘迷你纸手帕/手帕纸笑脸卡通无香型2层*15');
insert into Goods (GoodID,Class3,GoodName) values ('4010010005','手帕纸','心相印手帕纸茶语系列迷你面巾小包纸巾加厚3');
insert into Goods (GoodID,Class3,GoodName) values ('4010010006','手帕纸','心相印手帕纸品诺商务系列迷你纸巾可湿水4层');
insert into Goods (GoodID,Class3,GoodName) values ('4010010007','手帕纸','得宝手帕纸4层7张12包208mm*210mm');
insert into Goods (GoodID,Class3,GoodName) values ('4020010001','菜刀','正品张小泉咖啡彩木厨刀切片刀不锈钢锋利木柄菜');
insert into Goods (GoodID,Class3,GoodName) values ('4020010002','菜刀','张小泉厨房刀具套装组合七件套刀菜刀斩骨刀N5');
insert into Goods (GoodID,Class3,GoodName) values ('4020010003','菜刀','十八子作厨房菜刀具全不锈钢银盈快刃切片刀S25');


insert into Orders (GoodID, MarketName, UserID, Amount, IsPayed) values ('1010010001','USTC', 1,10,0);
insert into Orders (GoodID, MarketName, UserID, Amount, IsPayed) values ('1010010002','USTC', 1,2,0);
insert into Orders (GoodID, MarketName, UserID, Amount, IsPayed) values ('1010010003','USTC', 1,8,0);
insert into Orders(GoodID, MarketName, UserID, Amount) values('1010010003', 'USTC', 1, 1);
insert into Orders(GoodID, MarketName, UserID, Amount) values('1010010004', 'USTC', 1, 1);
insert into Orders(GoodID, MarketName, UserID, Amount) values('1010010005', 'USTC', 1, 1);
insert into Orders(GoodID, MarketName, UserID, Amount) values('1010010006', 'USTC', 1, 1);
insert into Orders(GoodID, MarketName, UserID, Amount) values('1010010007', 'USTC', 1, 1);
insert into Orders(GoodID, MarketName, UserID, Amount) values('1010010008', 'USTC', 1, 1);
insert into Orders(GoodID, MarketName, UserID, Amount) values('1010010009', 'USTC', 1, 1);
insert into Orders(GoodID, MarketName, UserID, Amount) values('1010010010', 'USTC', 1, 1);
insert into Orders(GoodID, MarketName, UserID, Amount) values('1010010011', 'USTC', 1, 1);
insert into Orders(GoodID, MarketName, UserID, Amount) values('4020010002', 'USTC', 1, 1);
insert into Orders(GoodID, MarketName, UserID, Amount) values('4020010003', 'USTC', 1, 1);


insert into Inventory (GoodID, MarketName, Location, Discount, Remaining, Price) values ('1010010001','USTC', '食品饮料区','0.9','1000','50.5');
insert into Inventory (GoodID, MarketName, Location, Discount, Remaining, Price) values ('1010010002','USTC', '食品饮料区','0.9','1000','62.9');
insert into Inventory (GoodID, MarketName, Location, Discount, Remaining, Price) values ('1010010003','USTC', '食品饮料区','0.9','1000','27.9');
insert into Inventory (GoodID, MarketName, Location, Discount, Remaining, Price) values ('1010010004','USTC', '食品饮料区','0.9','1000','18.9');
insert into Inventory (GoodID, MarketName, Location, Discount, Remaining, Price) values ('1010010005','USTC', '食品饮料区','0.9','1000','25.6');
insert into Inventory (GoodID, MarketName, Location, Discount, Remaining, Price) values ('1010010006','USTC', '食品饮料区','0.9','1000','46.7');
insert into Inventory (GoodID, MarketName, Location, Discount, Remaining, Price) values ('1010010007','USTC', '食品饮料区','0.9','1000','12.9');
insert into Inventory (GoodID, MarketName, Location, Discount, Remaining, Price) values ('1010010008','USTC', '食品饮料区','0.9','1000','15.9');
insert into Inventory (GoodID, MarketName, Location, Discount, Remaining, Price) values ('1010010009','USTC', '食品饮料区','0.9','1000','22.9');
insert into Inventory (GoodID, MarketName, Location, Discount, Remaining, Price) values ('1010010010','USTC', '食品饮料区','0.9','1000','54.8');
insert into Inventory (GoodID, MarketName, Location, Discount, Remaining, Price) values ('1010010011','USTC', '食品饮料区','0.9','1000','13.4');
insert into Inventory (GoodID, MarketName, Location, Discount, Remaining, Price) values ('1010020001','USTC', '食品饮料区','0.9','1000','14.6');
insert into Inventory (GoodID, MarketName, Location, Discount, Remaining, Price) values ('1010020002','USTC', '食品饮料区','0.9','1000','15.5');
insert into Inventory (GoodID, MarketName, Location, Discount, Remaining, Price) values ('1010020003','USTC', '食品饮料区','0.9','1000','16.9');
insert into Inventory (GoodID, MarketName, Location, Discount, Remaining, Price) values ('1010020004','USTC', '食品饮料区','0.9','1000','21.5');
insert into Inventory (GoodID, MarketName, Location, Discount, Remaining, Price) values ('1010020005','USTC', '食品饮料区','0.9','1000','9.9');
insert into Inventory (GoodID, MarketName, Location, Discount, Remaining, Price) values ('1010020006','USTC', '食品饮料区','0.9','1000','17.9');
insert into Inventory (GoodID, MarketName, Location, Discount, Remaining, Price) values ('1010020007','USTC', '食品饮料区','0.9','1000','21.8');
insert into Inventory (GoodID, MarketName, Location, Discount, Remaining, Price) values ('1010020008','USTC', '食品饮料区','0.9','1000','22.5');
insert into Inventory (GoodID, MarketName, Location, Discount, Remaining, Price) values ('1020010001','USTC', '食品饮料区','0.9','1000','12.5');
insert into Inventory (GoodID, MarketName, Location, Discount, Remaining, Price) values ('1020010002','USTC', '食品饮料区','0.9','1000','19.7');
insert into Inventory (GoodID, MarketName, Location, Discount, Remaining, Price) values ('1020010003','USTC', '食品饮料区','0.9','1000','29.5');
insert into Inventory (GoodID, MarketName, Location, Discount, Remaining, Price) values ('1020010004','USTC', '食品饮料区','0.9','1000','31.0');
insert into Inventory (GoodID, MarketName, Location, Discount, Remaining, Price) values ('1020010005','USTC', '食品饮料区','0.9','1000','12.0');
insert into Inventory (GoodID, MarketName, Location, Discount, Remaining, Price) values ('1020020001','USTC', '食品饮料区','0.9','1000','8.8');
insert into Inventory (GoodID, MarketName, Location, Discount, Remaining, Price) values ('1020020002','USTC', '食品饮料区','0.9','1000','8.9');
insert into Inventory (GoodID, MarketName, Location, Discount, Remaining, Price) values ('1020020003','USTC', '食品饮料区','0.9','1000','7.9');
insert into Inventory (GoodID, MarketName, Location, Discount, Remaining, Price) values ('1020020004','USTC', '食品饮料区','0.9','1000','6.7');
insert into Inventory (GoodID, MarketName, Location, Discount, Remaining, Price) values ('1020020005','USTC', '食品饮料区','0.9','1000','5.1');
insert into Inventory (GoodID, MarketName, Location, Discount, Remaining, Price) values ('1020020006','USTC', '食品饮料区','0.9','1000','3.7');
insert into Inventory (GoodID, MarketName, Location, Discount, Remaining, Price) values ('1020030001','USTC', '食品饮料区','0.9','1000','17.9');
insert into Inventory (GoodID, MarketName, Location, Discount, Remaining, Price) values ('1020030002','USTC', '食品饮料区','0.9','1000','19.9');
insert into Inventory (GoodID, MarketName, Location, Discount, Remaining, Price) values ('1020030003','USTC', '食品饮料区','0.9','1000','16.9');
insert into Inventory (GoodID, MarketName, Location, Discount, Remaining, Price) values ('1020030004','USTC', '食品饮料区','0.9','1000','16.0');
insert into Inventory (GoodID, MarketName, Location, Discount, Remaining, Price) values ('1030010001','USTC', '食品饮料区','0.9','1000','14.5');
insert into Inventory (GoodID, MarketName, Location, Discount, Remaining, Price) values ('1030010002','USTC', '食品饮料区','0.9','1000','12.3');
insert into Inventory (GoodID, MarketName, Location, Discount, Remaining, Price) values ('1030010003','USTC', '食品饮料区','0.9','1000','12.0');
insert into Inventory (GoodID, MarketName, Location, Discount, Remaining, Price) values ('1030010004','USTC', '食品饮料区','0.9','1000','28.5');
insert into Inventory (GoodID, MarketName, Location, Discount, Remaining, Price) values ('1030020001','USTC', '食品饮料区','0.9','1000','3.2');
insert into Inventory (GoodID, MarketName, Location, Discount, Remaining, Price) values ('1030020002','USTC', '食品饮料区','0.9','1000','3.9');
insert into Inventory (GoodID, MarketName, Location, Discount, Remaining, Price) values ('1030020003','USTC', '食品饮料区','0.9','1000','12.9');
insert into Inventory (GoodID, MarketName, Location, Discount, Remaining, Price) values ('1030020004','USTC', '食品饮料区','0.9','1000','6.9');
insert into Inventory (GoodID, MarketName, Location, Discount, Remaining, Price) values ('1030030001','USTC', '食品饮料区','0.9','1000','9.9');
insert into Inventory (GoodID, MarketName, Location, Discount, Remaining, Price) values ('1030030002','USTC', '食品饮料区','0.9','1000','2.1');
insert into Inventory (GoodID, MarketName, Location, Discount, Remaining, Price) values ('1030030003','USTC', '食品饮料区','0.9','1000','2.2');

insert into Inventory (GoodID, MarketName, Location, Discount, Remaining, Price) values ('2010010001','USTC', '粮油副食区','0.9','1000','5.9');
insert into Inventory (GoodID, MarketName, Location, Discount, Remaining, Price) values ('2010010002','USTC', '粮油副食区','0.9','1000','6.2');
insert into Inventory (GoodID, MarketName, Location, Discount, Remaining, Price) values ('2010010003','USTC', '粮油副食区','0.9','1000','7.1');
insert into Inventory (GoodID, MarketName, Location, Discount, Remaining, Price) values ('2010010004','USTC', '粮油副食区','0.9','1000','5.1');
insert into Inventory (GoodID, MarketName, Location, Discount, Remaining, Price) values ('2010010005','USTC', '粮油副食区','0.9','1000','3.3');
insert into Inventory (GoodID, MarketName, Location, Discount, Remaining, Price) values ('2010010006','USTC', '粮油副食区','0.9','1000','6.6');
insert into Inventory (GoodID, MarketName, Location, Discount, Remaining, Price) values ('2010020001','USTC', '粮油副食区','0.9','1000','2.2');
insert into Inventory (GoodID, MarketName, Location, Discount, Remaining, Price) values ('2010020002','USTC', '粮油副食区','0.9','1000','1.2');
insert into Inventory (GoodID, MarketName, Location, Discount, Remaining, Price) values ('2020010001','USTC', '粮油副食区','0.9','1000','70');
insert into Inventory (GoodID, MarketName, Location, Discount, Remaining, Price) values ('2020010002','USTC', '粮油副食区','0.9','1000','64.5');
insert into Inventory (GoodID, MarketName, Location, Discount, Remaining, Price) values ('2020010003','USTC', '粮油副食区','0.9','1000','55.6');
insert into Inventory (GoodID, MarketName, Location, Discount, Remaining, Price) values ('2020020001','USTC', '粮油副食区','0.9','1000','70.5');
insert into Inventory (GoodID, MarketName, Location, Discount, Remaining, Price) values ('2020020002','USTC', '粮油副食区','0.9','1000','56');

insert into Inventory (GoodID, MarketName, Location, Discount, Remaining, Price) values ('3010010001','USTC', '美容洗护区','0.9','1000','16.6');
insert into Inventory (GoodID, MarketName, Location, Discount, Remaining, Price) values ('3010010002','USTC', '美容洗护区','0.9','1000','15.8');
insert into Inventory (GoodID, MarketName, Location, Discount, Remaining, Price) values ('3010010003','USTC', '美容洗护区','0.9','1000','17.6');
insert into Inventory (GoodID, MarketName, Location, Discount, Remaining, Price) values ('3010010004','USTC', '美容洗护区','0.9','1000','19.9');
insert into Inventory (GoodID, MarketName, Location, Discount, Remaining, Price) values ('3010010005','USTC', '美容洗护区','0.9','1000','21.0');
insert into Inventory (GoodID, MarketName, Location, Discount, Remaining, Price) values ('3010010006','USTC', '美容洗护区','0.9','1000','21.6');
insert into Inventory (GoodID, MarketName, Location, Discount, Remaining, Price) values ('3020010001','USTC', '美容洗护区','0.9','1000','7.6');
insert into Inventory (GoodID, MarketName, Location, Discount, Remaining, Price) values ('3020010002','USTC', '美容洗护区','0.9','1000','9.8');
insert into Inventory (GoodID, MarketName, Location, Discount, Remaining, Price) values ('3020010003','USTC', '美容洗护区','0.9','1000','9.6');
insert into Inventory (GoodID, MarketName, Location, Discount, Remaining, Price) values ('3020010004','USTC', '美容洗护区','0.9','1000','5.5');
insert into Inventory (GoodID, MarketName, Location, Discount, Remaining, Price) values ('3020010005','USTC', '美容洗护区','0.9','1000','10.5');
insert into Inventory (GoodID, MarketName, Location, Discount, Remaining, Price) values ('3020010006','USTC', '美容洗护区','0.9','1000','22.5');

insert into Inventory (GoodID, MarketName, Location, Discount, Remaining, Price) values ('4010010001','USTC', '家居用品区','0.9','1000','12.5');
insert into Inventory (GoodID, MarketName, Location, Discount, Remaining, Price) values ('4010010002','USTC', '家居用品区','0.9','1000','12.9');
insert into Inventory (GoodID, MarketName, Location, Discount, Remaining, Price) values ('4010010003','USTC', '家居用品区','0.9','1000','7.9');
insert into Inventory (GoodID, MarketName, Location, Discount, Remaining, Price) values ('4010010004','USTC', '家居用品区','0.9','1000','8.1');
insert into Inventory (GoodID, MarketName, Location, Discount, Remaining, Price) values ('4010010005','USTC', '家居用品区','0.9','1000','6.8');
insert into Inventory (GoodID, MarketName, Location, Discount, Remaining, Price) values ('4010010006','USTC', '家居用品区','0.9','1000','7.6');
insert into Inventory (GoodID, MarketName, Location, Discount, Remaining, Price) values ('4010010007','USTC', '家居用品区','0.9','1000','14.5');
insert into Inventory (GoodID, MarketName, Location, Discount, Remaining, Price) values ('4020010001','USTC', '家居用品区','0.9','1000','12.5');
insert into Inventory (GoodID, MarketName, Location, Discount, Remaining, Price) values ('4020010002','USTC', '家居用品区','0.9','1000','78.77');
insert into Inventory (GoodID, MarketName, Location, Discount, Remaining, Price) values ('4020010003','USTC', '家居用品区','0.9','1000','40');
